House,Predicted,Target,Exe_time,RMSE,Perc_error
24bc57fa-ba23-4374-ac51-d434e6bf410f,2700,1987.0,10000,713.0,0.3588324106693508
5855a906-aefa-4ae0-be10-80aa587ee982,2700,2920.0,10000,220.0,-0.07534246575342465
989f9066-5eec-4d2e-b684-c631a9937243,2700,2894.0,10000,194.0,-0.06703524533517623
a111a354-2b38-4f9f-a3c8-23dccec3e4e6,2700,3036.0,10000,336.0,-0.11067193675889328
a1ae3f44-5878-4d30-898d-4dd4b33f8cfa,2700,4358.0,10000,1658.0,-0.38044974759063793
ae7a28a6-02bc-4fa6-858b-ab1a6dc5a99f,2700,2240.0,10000,460.0,0.20535714285714285
b718aabc-6b8a-42c9-920e-3378addd5810-P,2700,2947.0,10000,247.0,-0.08381404818459451
b817e6c4-4176-4211-a5c8-77b54fe2e04e,2700,2398.0,10000,302.0,0.12593828190158465
ba9b993d-c107-451f-9ba2-c6c8a79a18a2,2700,2390.0,10000,310.0,0.1297071129707113
