House,Predicted,Target,Exe_time,RMSE,Perc_error
24bc57fa-ba23-4374-ac51-d434e6bf410f,2271.087899238544,1987.0,19.099596977233887,284.0878992385442,0.14297327591270467
5855a906-aefa-4ae0-be10-80aa587ee982,2071.438283871483,2920.0,14.397435188293457,848.56171612851722,-0.29060332744127304
989f9066-5eec-4d2e-b684-c631a9937243,3721.9005676877787,2894.0,21.46701407432556,827.90056768777868,0.28607483334062844
a111a354-2b38-4f9f-a3c8-23dccec3e4e6,2873.953297762074,3036.0,19.86289405822754,162.04670223792618,-0.053375066613282666
a1ae3f44-5878-4d30-898d-4dd4b33f8cfa,4109.928451293389,4358.0,18.321757078170776,248.07154870661088,-0.05692325578398598
ae7a28a6-02bc-4fa6-858b-ab1a6dc5a99f,2788.093055857461,2240.0,23.791084051132202,548.09305585746097,0.2446843999363665
b718aabc-6b8a-42c9-920e-3378addd5810-P,2116.5444069744954,2947.0,20.556040048599243,830.45559302550464,-0.2817969436801848
b817e6c4-4176-4211-a5c8-77b54fe2e04e,3631.954755390717,2398.0,13.181665897369385,1233.9547553907169,0.5145766286033014
ba9b993d-c107-451f-9ba2-c6c8a79a18a2,1574.0638154168705,2390.0,17.396838903427124,815.93618458312949,-0.34139589313101654
