House,Predicted,Target,Exe_time,RMSE,Perc_error,maxZVal
24bc57fa-ba23-4374-ac51-d434e6bf410f,2277.738899137215,1987.0,145.85093712806702,290.73889913721496,0.1463205330333241,6.5
5855a906-aefa-4ae0-be10-80aa587ee982,3268.1784582456817,2920.0,99.75584387779236,348.17845824568167,0.11923919802934303,4.5
989f9066-5eec-4d2e-b684-c631a9937243,3519.5178368139223,2894.0,158.36656308174133,625.51783681392226,0.2161429982079897,4.5
a111a354-2b38-4f9f-a3c8-23dccec3e4e6,2957.14757894692,3036.0,155.01338601112366,78.852421053079979,-0.025972470702595514,6.5
a1ae3f44-5878-4d30-898d-4dd4b33f8cfa,4532.240203763972,4358.0,126.32109093666077,174.2402037639722,0.039981689711788025,5.5
ae7a28a6-02bc-4fa6-858b-ab1a6dc5a99f,2700,2240.0,10000,460.0,0.20535714285714285,6
b718aabc-6b8a-42c9-920e-3378addd5810-P,2445.885481623513,2947.0,164.58699917793274,501.11451837648701,-0.17004225258788158,5.5
b817e6c4-4176-4211-a5c8-77b54fe2e04e,8074.335539565374,2398.0,79.77303719520569,5676.3355395653743,2.367112401820423,3.5
ba9b993d-c107-451f-9ba2-c6c8a79a18a2,2544.7086812628067,2390.0,117.08970189094543,154.70868126280675,0.06473166580033755,4.5
