House,Predicted,Predicted_3d,Target,Exe_time,RMSE,RMSE_3dPerc_error_3d,Perc_error,maxZVal
24bc57fa-ba23-4374-ac51-d434e6bf410f,2277.738899137215,1887.89,1987.0,51.44264602661133,290.73889913721496,99.1142578125,-0.049881357731504782,0.1463205330333241,6.5
5855a906-aefa-4ae0-be10-80aa587ee982,3268.1784582456817,2376.01,2920.0,33.60529804229736,348.17845824568167,543.988037109375,-0.18629727298266266,0.11923919802934303,4.5
989f9066-5eec-4d2e-b684-c631a9937243,3519.5178368139223,2333.16,2894.0,46.7145459651947,625.51783681392226,560.840087890625,-0.19379408703891673,0.2161429982079897,4.5
a111a354-2b38-4f9f-a3c8-23dccec3e4e6,2957.14757894692,2731.62,3036.0,54.72546911239624,78.852421053079979,304.380615234375,-0.100257119642416,-0.025972470702595514,6.5
a1ae3f44-5878-4d30-898d-4dd4b33f8cfa,4532.240203763972,3139.17,4358.0,40.77141499519348,174.2402037639722,1218.8271484375,-0.27967580276216153,0.039981689711788025,5.5
ae7a28a6-02bc-4fa6-858b-ab1a6dc5a99f,2700,2700,2240.0,10000,460.0,460.0,0.20535714285714285,0.20535714285714285,6
b718aabc-6b8a-42c9-920e-3378addd5810-P,2445.885481623513,1912.57,2947.0,55.557963132858276,501.11451837648701,1034.4263916015625,-0.3510099733972048,-0.17004225258788158,5.5
b817e6c4-4176-4211-a5c8-77b54fe2e04e,8074.335539565374,4522.5,2398.0,32.39849495887756,5676.3355395653743,2124.50390625,0.88594825114678899,2.367112401820423,3.5
ba9b993d-c107-451f-9ba2-c6c8a79a18a2,2544.7086812628067,2107.82,2390.0,37.61400890350342,154.70868126280675,282.1787109375,-0.11806640625000001,0.06473166580033755,4.5
